{"cameraMode":{"drawMode":0,"name":"Shaded","section":"Shading Mode"},"sceneLighting":true,"audioPlay":false,"sceneViewState":{"m_AlwaysRefresh":false,"showFog":true,"showSkybox":true,"showFlares":true,"showImageEffects":true,"showParticleSystems":true,"showVisualEffectGraphs":true,"m_FxEnabled":true},"in2DMode":false,"pivot":{"x":0.16515716910362245,"y":0.2786279320716858,"z":-0.08245576918125153},"rotation":{"x":0.29343485832214358,"y":-0.4345639944076538,"z":0.15220622718334199,"w":0.8377852439880371},"size":0.867796778678894,"orthographic":false}